title,price
Guitarra Eléctrica Fender Squier Bullet Telecaster Black Mástil Laurel Indio,521.039
Guitarra eléctrica Squier by Fender Bullet Stratocaster HT de álamo black brillante con diapasón de laurel indio,453.077
Guitarra eléctrica Squier by Fender Bullet Stratocaster HT de álamo brown sunburst brillante con diapasón de laurel indio,453.077
Guitarra eléctrica Squier by Fender Affinity Series Stratocaster HH de Álamo Charcoal Frost Metallic brillante Diapasón de Laurel Indio,786.028
Guitarra eléctrica Squier by Fender Bullet Telecaster de álamo brown sunburst poliuretano brillante,521.039
Guitarra eléctrica Squier by Fender Contemporary Telecaster HH de álamo black metallic brillante con diapasón de arce,184.825
Guitarra eléctrica Squier by Fender Affinity Series Stratocaster de álamo black brillante,786.028
Guitarra eléctrica Squier by Fender Affinity Series Stratocaster de álamo 2-color sunburst brillante con diapasón de arce,786.028
Guitarra eléctrica SX Vintage Series FST62 stratocaster de aliso black brillante con diapasón de palo de rosa,393.730
Guitarra Eléctrica Squier Sonic Negra Brillante Telecaster Orientación De La Mano Diestro,472.783
Guitarra Eléctrica FENDER Squier Bullet Stratocaster HT de álamo Fiesta Red Brillante Mastil Laurel Indio,453.639
Guitarra eléctrica Squier by Fender Affinity Series Telecaster Deluxe de álamo burgundy mist brillante con diapasón de laurel indio,829.264
Guitarra Electrica Squier Affinity Telecaster Olympic White Orientación De La Mano Diestro Color Blanco,598.357
Guitarra eléctrica Leonard LE362 stratocaster de aliso black con diapasón de palo de rosa,255.873
Guitarra eléctrica Squier by Fender Affinity Series Stratocaster de álamo 3-color sunburst brillante con diapasón de laurel indio,683.506
Guitarra eléctrica Squier by Fender Affinity Series Stratocaster de álamo black brillante con diapasón de laurel indio,598.357
Guitarra eléctrica Squier by Fender Affinity Series Stratocaster de álamo brown sunburst brillante con diapasón de laurel indio,683.502
Guitarra eléctrica Squier by Fender Telecaster de álamo slick silver laca poliuretánica con diapasón de laurel,523.230
Guitarra eléctrica SX Vintage Series STL50+ de tilo butterscotch blonde brillante con diapasón de arce,514.035
Squier By Fender Telecaster Affinity Guitarra Eléctrica,523.238
Guitarra Squier Bullet Stratocaster Hardtail La Plata Color Negro Orientación de la mano Diestro,521.039
Squier Affinity Stratocaster Hh Guitarra Doble Humbucker,683.506
Guitarra Electrica Squier By Fender Stratocaster Bullet Lrl ,521.039
Guitarra Electrica Squier By Fender Telecaster Bullet Lrl,453.077
Pack Guitarra Squier Telecaster Bullet Bk Ampli Accesorios,696.516
Guitarra eléctrica Squier by Fender Mini Jazzmaster HH mini jazzmaster de álamo surf green brillante con diapasón de arce,86.839
Guitarra Eléctrica Telecaster Squier Affinity Roja,544.998
Guitarra Eléctrica Squier - Telecaster Bullet Black Laca,597.498
Guitarra Eléctrica Telecaster Squier Bullet Sunburst,549.698
Guitarra Electrica Squier Contemporary Stratocaster Jumbo,1.001.315
Guitarra eléctrica infantil Squier by Fender Mini stratocaster de álamo pink brillante con diapasón de laurel,635.064
Guitarra Eléctrica Fender Squier Bullet Stratocaster *yulmar,599.000
Combo Guitarra Squier Bullet Telecaster Negra + Amplificador,605.666
Guitarra eléctrica Squier by Fender Telecaster de álamo race red brillante con diapasón de laurel indio,626.747
Guitarra Squier Affinity Tele Deluxe Burgundy Mist,829.264
Guitarra eléctrica Squier by Fender Telecaster de álamo 2-color sunburst laca poliuretánica con diapasón de arce,547.408
Guitarra Eléctrica Affinity Series Stratocaster Mn Wpg,618.565
Guitarra Electrica Stratocaster Fender Squier Bullet Strat Color Red Fiesta Material Del Diapasón Palisandro Orientación De La Mano Diestro,569.999
Guitarra Fender Paranormal Toronado Black,1.337.175
Guitarra Fender American Performer Stratocaster Placid Blue,5.175.147
Guitarra eléctrica para zurdo Cort G Series G250 de tilo black con diapasón de jatoba,754.125
Guitarra eléctrica Squier by Fender Contemporary Telecaster HH de álamo dark metallic red brillante con diapasón de arce,184.825
Guitarra eléctrica Squier by Fender Telecaster de álamo butterscotch blonde laca poliuretánica con diapasón de arce,958.045
Guitarra Eléctrica FENDER Squier Mini Stratocaster Dakota Red,635.064
Guitarra Squier Paranormal Toronado Hh Prm,1.537.751
Guitarra Fender Standard Telecaster,2.816.824
Fender 0371001532 Guitarra Eléctrica Bullet Stratocaster Color Brown Sunburst Material Del Diapasón Laurel Indio Orientación De La Mano Diestro,569.999
Guitarra Squier Stratocaster Contempo Hh Mblack 037-0222-565 Color Negro Orientación de la mano Diestro,945.307
Guitarra eléctrica Squier by Fender Bullet Stratocaster HSS de álamo/tilo brown sunburst poliuretano brillante con diapasón de laurel,545.000
Guitarra eléctrica Jay Turser JT-300 double-cutaway de madera maciza metallic red brillante con diapasón de palo de rosa,407.071
Guitarra Eléctrica FENDER Squier Mini Stratocaster Black,597.498
Guitarra Eléctrica Squier Mini Jazzmaster Verde,477.998
Guitarra Squier Paranormal Toronado Hh,1.337.175
Guitarra eléctrica infantil Squier by Fender Mini stratocaster de álamo Shell pink brillante Diapasón de Laurel Indio,549.698
Guitarra eléctrica para zurdo Squier by Fender Mini stratocaster de álamo black brillante con diapasón de laurel indio,713.999
Guitarra Squier Affinity Telecaster Plateada Color Slick Silver Material Del Diapasón Laurel Orientación De La Mano Diestro,626.747
Guitarra eléctrica Squier by Fender Contemporary Telecaster HH de álamo pearl white brillante con diapasón de arce,899.997
Guitarra Squier Stratocaster Squier Tamaño Niño Color Rosa,626.747
Guitarra eléctrica Epiphone Modern Les Paul Les Paul Modern de arce/caoba faded pelham blue brillante con diapasón de ébano,2.199.586
Guitarra Electrica Squier Contemporary Stratocaster Jumbo,833.770
Guitarra Eléctrica Squier Telecaster Bullet Negra,669.198
Guitarra Eléctrica FENDER Squier Mini Jazzmaster HH Olympic White brillante de álamo con diapasón de arce,635.064
Guitarra eléctrica Squier by Fender Telecaster de álamo race green brillante con diapasón de laurel indio,1.028.783
Guitarra Eléctrica Squier By Fender Affinity Telecaster,860.202
Guitarra Electrica Squier By Fender Jazzmaster Mini Hh Lrl,453.077
Guitarra Electrica Squier By Fender Jazzmaster Mini Hh Lrl,453.077
Guitarra Eléctrica Squier Telecaster Affinity Butterscotch,721.099
Guitarra Eléctrica Squier Stratocaster Candy Red Tamaño Mini,716.998
Guitarra Eléctrica Squier Telecaster Bullet Negra Laurel,716.998
Guitarra eléctrica Squier by Fender Telecaster de álamo metallic red laca poliuretánica con diapasón de arce,654.100
Guitarra Electrica Niño Squier By Fender Stratocaster Mini V,521.038
Guitarra Electrica Squier By Fender Stratocaster Affinity Se,683.502
Guitarra Eléctrica Squier Temporary Telecaster Hh Cuo,1.043.105
Guitarra Squier Telecaster Serie Bullet Sunburst Álamo,716.998
Guitarra Electrica Squier Stratocaster Vintage Modified Surf,1.308.573
Guitarra Eléctrica Squier - Telecaster Bullet,549.698
Guitarra eléctrica Squier by Fender Telecaster de álamo butterscotch blonde laca poliuretánica con diapasón de arce,869.999
Guitarra Eléctrica Squier By Fender Mini V2 Stratocaster Cuo,635.064
Guitarra Electrica Telecaster Fender Squier Bullet Original,949.999
Guitarra Eléctrica Squier By Fender Telecaster Cuo,635.606
Guitarra Electrica Squier Stratocaster Vintage Modified Surf,1.137.888
Guitarra Eléctrica Squier By Fender Mini V2 Stratocaster,570.206
Guitarra Electrica Stratocaster Squier Contemporary Hh,1.500.036
Guitarra Eléctrica Squier Telecaster Affinity Special,1.193.566
Guitarra Electrica Squier By Fender Jazzmaster Mini Hh Lrl P,521.038
Guitarra eléctrica PRS Guitars SE Standard 24 de caoba translucent blue multicapa con diapasón de palo de rosa,1.988.903
Guitarra Electrica Squier By Fender Stratocaster Affinity Se,683.502
Squier By Fender Telecaster Affinity Guitarra Eléctrica Dlx,788.681
Guitarra Squier Paranormal Toronado Hh,1.203.457
Guitarra eléctrica Squier by Fender Vintage Modified Telecaster Deluxe de tilo olympic white brillante con diapasón de arce,1.280.000
Guitarra Electrica Squier By Fender Stratocaster Affinity Se,786.027
Guitarra Electrica Fender Squier Telecaster Affinity,749.999
Guitarra Eléctrica Squier Affinity Olympic White,721.099
Guitarra Eléctrica Squier By Fender Mini V2 Stratocaster,684.788
Guitarra Squier Telecaster Affinity Butterscotch Maple Neck,829.264
Guitarra Eléctrica Squier By Fender Telecaster Laurel Indio,685.373
Squier By Fender Telecaster Affinity Guitarra Eléctrica Dlx ,906.984
Guitarra Eléctrica Mini Squier Infantil Negra Stratocaster,669.198
Guitarra Eléctrica Squier Affinity Stratocaster Cuot,958.045
Guitarra Eléctrica Squier Mini Stratocaster,549.698
Guitarra Eléctrica Squier Telecaster Affinity Sunburst Maple,721.099
Guitarra Eléctrica Squier Affinity Telecaster White Cuo,958.045
Guitarra Squier By Fender Stratocaster Mini V2 Niño Prm,521.039
Guitarra Squier Stratocaster Affinity Negra Mástil De Maple,829.265
Guitarra Electrica Stratocaster Squier Contemporary Hh,1.350.032
Guitarra Electrica Squier Sonic Telecaster Negro Brillante,690.263
Guitarra Electrica Squier By Fender Stratocaster Affinity Se,786.028
Guitarra Eléctrica Squier Telecaster Affinity Racing Red,626.747
Guitarra Eléctrica Squier Stratocaster Mini V2 Torino Red,549.698
Guitarra Eléctrica Squier Mini Stratocaster Laca,597.498
Guitarra Eléctrica Telecaster Fender Squier Affinity Lrl,785.399
Squier Vintage Modified Surf Strat Guitar By Fender Palermo,1.094.995
Jay Turser Jt-lt-rw Guitarra Telecaster Harris  No Squier Sx,613.641
Guitarra Eléctrica Squier - Telecaster Bullet Sunburst,477.998
Guitarra Fender 037 0222 Squier Contemporary Strato 525,287.506
Guitarra Eléctrica Squier Mini Stratocaster Candy Red Niños,669.198
Guitarra Eléctrica Infantil Squier Mini Stratocaster Brillo,597.498
Guitarra Eléctrica Squier By Fender Bullet Stratocaster Cuo,566.035
Guitarra Eléctrica Squier Affinity Stratocaster Cuo,958.045
Guitarra Eléctrica EpiPhone Sg Custom Negra Color Negro Material del diapasón Ébano Orientación de la mano Diestro,1.972.735
Guitarra Eléctrica Telecaster Fender Squier Affinity Lrl,869.549
Guitarra Eléctrica Squier Tele Affinity Butterscotch ,829.264
Guitarra Eléctrica Squier Contemporary Telecaster,1.034.997
Guitarra Squier Affinity Telecaster Deluxe Burgundy Mist,721.099
Guitarra eléctrica G&L Tribute Legacy de fresno/tilo surf green brillante con diapasón de jatoba,2.525.750
Guitarra Electrica Squier By Fender Telecaster Bullet Lrl,453.077
Guitarra Eléctrica Squier Stratocaster Contemporary Hh Negra,945.307
Guitarra Electrica Stratocaster Squier Contemporary Hh Prm,1.552.537
Guitarra Eléctrica Squier Telecaster Affinity Sunburst  ,829.264
Guitarra Electrica Telecaster Ampli Fender Funda Afinador,1.234.999
Guitarra Eléctrica Squier By Fender Affinity Stratocaster Cu,958.045
Guitarra Eléctrica Squier By Fender Telecaster Laurel Indio ,570.693
Guitarra Electrica Telecaster Ampli Fender Funda Afinador,807.499
Guitarra Eléctrica Squier Contemporary Telecaster Negra Hh,899.997
Guitarra Electrica Squier By Fender Telecaster Bullet Lrl Pr,521.039
Guitarra Eléctrica Squier By Fender Affinity Stratocaster Bk,860.202
Guitarra Squier Affinity Telecaster Sunburst Mango De Maple,829.264
Guitarra Eléctrica Squier - Telecaster Bullet Black,477.998
Guitarra Electrica Niño Squier By Fender Stratocaster Mini V,453.077
Guitarra Squier Stratocaster Affinity Sunburst Laca,901.375
Guitarra Eléctrica Squier - Telecaster Bullet Laca,597.498
Guitarra Electrica Squier Telecaster Contemporary Hh Mn Prm,1.108.955
Guitarra Electrica Squier Telecaster Contemporary Hh Mn,964.308
Guitarra Squier Stratocaster Affinity Sunburst Laurel Sss,829.265
Guitarra Electrica  Stratocaster Fender  Squier Affinity Hh,683.502
Guitarra eléctrica Fender Player Telecaster HH de aliso 3-color sunburst brillante con diapasón de granadillo brasileño,2.270.982
Guitarra Eléctrica Squier By Fender Bullet Stratocaster,508.227
Guitarra Eléctrica Squier Contemporary Stratocaster Cuo,928.607
Guitarra Squier Mini Stratocaster Rosa Diapasón Laurel,716.998
Guitarra Eléctrica Infantil Squier Mini Jazzmaster Blanca,477.998
Guitarra Eléctrica Squier Stratocaster Mini Para Niños Negra,549.698
Guitarra Eléctrica Squier Affinity Olympic Blanca,829.264
Guitarra Eléctrica Squier Contemporary Telecaster Hh Laca,1.124.997
Guitarra Eléctrica Squier Stratocaster Affinity Negra Maple,829.265
Guitarra Squier Stratocaster Affinity Eléctrica Sunburst,721.100
Guitarra Eléctrica Telecaster Fender Squier Affinity Lrl,560.999
Guitarra eléctrica Fender Player Stratocaster de aliso 2010 sonic red brillante con diapasón de granadillo brasileño,4.145.373
Guitarra Eléctrica Mini Squier Para Niño Strato,549.698
Guitarra Electrica Squier By Fender Contemporary Telecaster,1.124.778
Guitarra Eléctrica Squier Affinity Stratocaster 037-8051-569,1.033.058
Guitarra Eléctrica Mini Squier Para Niño Strato Laca,597.498
Guitarra Eléctrica Squier Affinity Stratocaster 037-8051-569,860.202
Guitarra Electrica Fender Squier Stratocaster Affinity,1.399.349
Guitarra Eléctrica Squier By Fender Affinity Telecaster Whit,860.202
Guitarra Electrica Squier By Fender Stratocaster Bullet Lrl,453.077
Guitarra Electrica Squier By Fender Stratocaster Bullet Lrl ,521.038
Guitarra Squier By Fender Stratocaster Mini V2 Niño ,453.077
Guitarra Electrica Fender Squier Stratocaster Affinity,998.970
Guitarra Electrica Fender Squier Telecaster Affinity,1.044.999
Guitarra Eléctrica Squier Jazzmaster Mini Hh Pickguard Cuo,635.064
Guitarra Squier Affinity Stratocaster Humbuckers,721.100
Guitarra Eléctrica Squier Mini Jazzmaster Laca,597.498
Guitarra Electrica Fender Squier Stratocaster Affinity,1.082.951
Guitarra Eléctrica Squier Mini Stratocaster Roja,477.998
Guitarra Eléctrica Squier Contemporary Telecaster Roja,899.997
Guitarra Electrica Fender Squier Stratocaster Affinity,1.517.855
Guitarra Eléctrica Infantil Squier Mini Stratocaster,549.698
Guitarra Electrica Fender Squier Telecaster Affinity,1.329.999
Squier Affinity Stratocaster Hh Charcoal Frost Metallic,829.265
Guitarra Eléctrica Squier Affinity Telecaster Deluxe Borgoña,829.264
Guitarra Electrica Fender Squier Telecaster Affinity,1.443.359
Guitarra Electrica Squier Stratocaster Vintage Modified Surf,1.264.321
Guitarra Eléctrica Mini Squier Para Niño Negra Strato,477.998
Guitarra Eléctrica Squier By Fender Affinity Telecaster Cuo,958.045
Guitarra Stratocaster Squier Affinity Special Sunburst Cuota,1.193.566
Guitarra Electrica Telecaster Fender Squier Bullet Original,620.927
Guitarra Eléctrica Squier Fender Mini Stratocaster Cuo,635.064
Pack Guitarra Squier Telecaster Bullet Sunburst Amplificador,696.516
Guitarra Electrica Stratocaster Fender Squier Bullet Strat,866.015
Guitarra Squier Telecaster Thinline Classic Vibe Outlet Prm,1.872.902
Combo Guitarra Squier Tele Bullet Sunburst Amplificador,605.666
Guitarra Electrica Squier Affinity Telcaster Musicapilar,983.545
Guitarra Squier Stratocaster Affinity Negra Mástil Maple,721.100
Guitarra Eléctrica Squier Mini Jazzmaster,549.698
Guitarra Electrica Squier By Fender Jazzmaster Mini Hh Lrl P,521.039
Guitarra Electrica Fender Squier Affinity Stratocaster Negra,721.100
Guitarra Squier Telecaster Affinity Mástil Maple Outlet,361.609
Guitarra Squier Telecaster Thinline Classic Vibe Outlet,1.140.028
Guitarra Eléctrica Infantil Squier Mini Jazzmaster Laca,597.498
Guitarra eléctrica para zurdo Cort G Series G250 de tilo black con diapasón de jatoba,754.125
Guitarra Squier Telecaster Thinline Classic Vibe Outlet,1.628.611
Guitarra Squier Telecaster Thinline Classic Vibe Outlet Prm,1.447.835
Guitarra Eléctrica Infantil Squier Mini Jazzmaster,549.698
Guitarra Electrica Squier Mini V2 Lr Roja Musicapilar,348.720
Guitarra Electrica Squier Telecaster Affinitty Musicapilar,970.815
Guitarra eléctrica Squier by Fender Bullet Stratocaster HSS de álamo/tilo black poliuretano brillante con diapasón de laurel,669.116
Guitarra Eléctrica Squier Affinity Telecaster Plateada,544.998
Guitarra Electrica Squier Affinity Telecaster,729.980
Guitarra Electrica Squier 030-2100-505 Jazzmaster Vintage,1.739.080
Guitarra Eléctrica Fender Squier Sonic H Telecaster Blanco,748.999
Squier By Fender Telecaster Affinity Guitarra Eléctrica Prm,601.724
Classic Vibe Bass Vi Squier Color Negro Material Del Diapasón Indian Laurel Orientación De La Mano Diestro,3.249.159
Guitarra eléctrica Squier by Fender Classic Vibe Stratocaster '60s de nato candy apple red brillante con diapasón de laurel indio,1.659.000
Guitarra eléctrica Squier by Fender Classic Vibe '70s Stratocaster de arce natural brillante con diapasón de laurel indio,1.652.000
Guitarra eléctrica Squier by Fender Classic Vibe '50s Telecaster de pino butterscotch blonde brillante con diapasón de arce,1.666.000
Guitarra Eléctrica Squier Mini Stratocaster Rosa,669.198
Guitarra Squier Paranormal Toronado Hh Prm,1.537.751
Guitarra Eléctrica Squier - Telecaster Bullet,549.698
Guitarra Squier Telecaster Thinline Classic Vibe Outlet,1.628.611
Guitarra Squier Telecaster Thinline Classic Vibe Outlet Prm,1.872.902
Guitarra eléctrica Schecter Banshee Extreme Banshee-6 Extreme de caoba black cherry burst con diapasón de palo de rosa,1.283.457
